{
  "mats_hash": {
    "Walls": {
      "tris": [
        [0, 1, 2],
        [0, 2, 3],
        [6, 5, 4],
        [7, 6, 4],
        [0, 3, 4],
        [7, 4, 3],
        [5, 2, 1],
        [2, 5, 6]
      ],
      "pts": [
        [0.0, 0.0, 0.0],
        [3.0, 0.0, 0.0],
        [3.0, 0.0, 3.0],
        [0.0, 0.0, 3.0],
        [0.0, 3.0, 0.0],
        [3.0, 3.0, 0.0],
        [3.0, 3.0, 3.0],
        [0.0, 3.0, 3.0]
      ],
      "color": [255, 255, 255],
      "sides": [1, 1, 1, 1, 1, 1, 1, 1]
    },
    "Ceiling": {
      "tris": [
        [2, 1, 0],
        [2, 3, 1]
      ],
      "pts": [
        [0, 0, 3.0],
        [0, 3.0, 3.0],
        [3.0, 0, 3.0],
        [3.0, 3.0, 3.0]
      ],
      "color": [200, 200, 200],
      "sides": [1, 1]
    },
    "Floor": {
      "tris": [
        [0, 1, 2],
        [1, 3, 2]
      ],
      "pts": [
        [0, 0, 0],
        [0, 3.0, 0],
        [3.0, 0, 0],
        [3.0, 3.0, 0]
      ],
      "color": [151, 134, 122],
      "sides": [1, 1]
    }
  },
  "sources": [{ "name": "S1", "xyz": [1.5, 2.9, 1.5] }],
  "receivers": [
    { "name": "R1", "xyz": [0.5, 0.5, 0.5] },
    { "name": "R2", "xyz": [1.0, 0.5, 0.5] },
    { "name": "R3", "xyz": [0.75, 0.9330127018922193, 0.5] },
    { "name": "R4", "xyz": [0.75, 0.6443375672974064, 0.9082482904638629] }
  ]
}
