{"mats_hash": {"ATC Left": {"tris": [[2, 1, 0], [3, 1, 2], [3, 4, 1], [5, 4, 3], [5, 6, 4], [7, 6, 5], [7, 0, 6], [2, 0, 7], [1, 4, 0], [4, 6, 0], [3, 2, 5], [5, 2, 7]], "pts": [[1.305857422, 7.146186523, 1.062], [1.517857422, 6.7789916990000005, 1.062], [1.305857422, 7.146186523, 1.894], [1.517857422, 6.7789916990000005, 1.894], [2.148323975, 7.142991699, 1.062], [2.148323975, 7.142991699, 1.894], [1.9363238530000002, 7.510186523000001, 1.062], [1.9363238530000002, 7.510186523000001, 1.894]], "color": [5, 5, 5], "sides": [1, 1, 1, 1, 1, 1, 1, 1, 1, 1, 1, 1]}, "ATC Right": {"tris": [[2, 1, 0], [3, 1, 2], [3, 4, 1], [5, 4, 3], [5, 6, 4], [7, 6, 5], [7, 0, 6], [2, 0, 7], [1, 6, 0], [4, 6, 1], [3, 2, 7], [5, 3, 7]], "pts": [[4.839456054999999, 7.510186523000001, 1.062], [4.627456055, 7.142991699, 1.062], [4.839456054999999, 7.510186523000001, 1.894], [4.627456055, 7.142991699, 1.894], [5.257922852, 6.7789916990000005, 1.062], [5.257922852, 6.7789916990000005, 1.894], [5.469922852, 7.146186523, 1.062], [5.469922852, 7.146186523, 1.894]], "color": [5, 5, 5], "sides": [1, 1, 1, 1, 1, 1, 1, 1, 1, 1, 1, 1]}, "Ceiling": {"tris": [[6, 2, 0], [1, 6, 0], [4, 3, 2], [6, 5, 4], [6, 4, 2]], "pts": [[5.790823242, 7.062, 3.45], [0.9849625240000001, 7.062, 3.45], [6.775785645, 1.476, 4.435], [6.073909668000001, 0.473617249, 4.109021973], [3.387892822, -0.0, 3.955], [0.701875977, 0.473617249, 4.109021973], [-0.0, 1.476, 4.435]], "color": [60, 60, 60], "sides": [1, 1, 1, 1, 1]}, "Console": {"tris": [[1, 0, 13], [1, 13, 12], [2, 1, 12], [2, 12, 10], [2, 10, 14], [3, 2, 14], [4, 3, 14], [4, 14, 15], [5, 4, 15], [5, 15, 16], [6, 5, 16], [6, 16, 17], [7, 6, 17], [7, 17, 8], [9, 7, 8], [9, 8, 11], [0, 9, 11], [0, 11, 13], [12, 11, 10], [12, 13, 11], [11, 14, 10], [14, 8, 15], [11, 8, 14], [8, 16, 15], [8, 17, 16], [1, 2, 9], [1, 9, 0], [9, 2, 3], [3, 4, 7], [9, 3, 7], [7, 4, 5], [7, 5, 6]], "pts": [[5.203890137, 6.358, 1.025], [5.203890137, 6.518, 1.025], [5.203890137, 6.518, 0.476], [5.203890137, 5.753, 0.476], [5.203890137, 5.653, 0.647361084], [5.203890137, 5.283, 0.678], [5.203890137, 5.283, 0.736], [5.203890137, 5.653, 0.736], [1.571890015, 5.653, 0.736], [5.203890137, 6.263627441, 0.875], [1.571890015, 6.518, 0.476], [1.571890015, 6.263627441, 0.875], [1.571890015, 6.518, 1.025], [1.571890015, 6.358, 1.025], [1.571890015, 5.753, 0.476], [1.571890015, 5.653, 0.647361084], [1.571890015, 5.283, 0.678], [1.571890015, 5.283, 0.736]], "color": [60, 60, 60], "sides": [1, 1, 1, 1, 1, 1, 1, 1, 1, 1, 1, 1, 1, 1, 1, 1, 1, 1, 1, 1, 1, 1, 1, 1, 1, 1, 1, 1, 1, 1, 1, 1]}, "Couch": {"tris": [[1, 0, 12], [2, 0, 1], [2, 3, 0], [4, 3, 2], [4, 5, 3], [6, 5, 4], [6, 12, 5], [1, 12, 6], [0, 5, 12], [3, 5, 0], [2, 1, 6], [4, 2, 6], [9, 8, 7], [10, 8, 9], [10, 0, 8], [11, 0, 10], [11, 12, 0], [13, 12, 11], [13, 7, 12], [9, 7, 13], [8, 12, 7], [0, 12, 8], [10, 9, 13], [11, 10, 13], [14, 3, 5], [15, 3, 14], [15, 16, 3], [17, 16, 15], [17, 18, 16], [19, 18, 17], [19, 5, 18], [14, 5, 19], [3, 18, 5], [16, 18, 3], [15, 14, 19], [17, 15, 19], [21, 20, 1], [20, 22, 1], [20, 23, 22], [23, 24, 22], [23, 25, 24], [25, 26, 24], [25, 21, 26], [21, 1, 26], [22, 24, 1], [24, 26, 1], [20, 21, 23], [23, 21, 25], [25, 23, 26], [23, 24, 26], [23, 27, 24], [27, 28, 24], [27, 29, 28], [29, 30, 28], [29, 25, 30], [25, 26, 30], [24, 28, 26], [28, 30, 26], [23, 25, 27], [27, 25, 29], [29, 27, 30], [27, 28, 30], [27, 31, 28], [31, 32, 28], [31, 33, 32], [33, 34, 32], [33, 29, 34], [29, 30, 34], [28, 32, 30], [32, 34, 30], [27, 29, 31], [31, 29, 33], [33, 31, 34], [31, 32, 34], [31, 35, 32], [35, 36, 32], [35, 37, 36], [37, 6, 36], [37, 33, 6], [33, 34, 6], [32, 36, 34], [36, 6, 34], [31, 33, 35], [35, 33, 37]], "pts": [[1.927890015, 0.67, 0.328], [1.927890015, 1.65, 0.508], [1.927890015, 0.67, 0.508], [4.847890137, 0.67, 0.328], [4.847890137, 0.67, 0.508], [4.847890137, 1.65, 0.328], [4.847890137, 1.65, 0.508], [1.7778900149999999, 1.65, 0.328], [1.7778900149999999, 0.67, 0.328], [1.7778900149999999, 1.65, 1.008], [1.7778900149999999, 0.67, 1.008], [1.927890015, 0.67, 1.008], [1.927890015, 1.65, 0.328], [1.927890015, 1.65, 1.008], [4.847890137, 1.65, 1.008], [4.847890137, 0.67, 1.008], [4.997890137000001, 0.67, 0.328], [4.997890137000001, 0.67, 1.008], [4.997890137000001, 1.65, 0.328], [4.997890137000001, 1.65, 1.008], [1.927890015, 1.1, 0.748], [1.927890015, 1.65, 0.748], [1.927890015, 1.1, 0.508], [2.657889893, 1.1, 0.748], [2.657889893, 1.1, 0.508], [2.657889893, 1.65, 0.748], [2.657889893, 1.65, 0.508], [3.387889893, 1.1, 0.748], [3.387889893, 1.1, 0.508], [3.387889893, 1.65, 0.748], [3.387889893, 1.65, 0.508], [4.117890137000001, 1.1, 0.748], [4.117890137000001, 1.1, 0.508], [4.117890137000001, 1.65, 0.748], [4.117890137000001, 1.65, 0.508], [4.847890137, 1.1, 0.748], [4.847890137, 1.1, 0.508], [4.847890137, 1.65, 0.748]], "color": [5, 5, 48], "sides": [1, 1, 1, 1, 1, 1, 1, 1, 1, 1, 1, 1, 1, 1, 1, 1, 1, 1, 1, 1, 1, 1, 1, 1, 1, 1, 1, 1, 1, 1, 1, 1, 1, 1, 1, 1, 1, 1, 1, 1, 1, 1, 1, 1, 1, 1, 1, 1, 1, 1, 1, 1, 1, 1, 1, 1, 1, 1, 1, 1, 1, 1, 1, 1, 1, 1, 1, 1, 1, 1, 1, 1, 1, 1, 1, 1, 1, 1, 1, 1, 1, 1, 1, 1]}, "Floor": {"tris": [[2, 3, 4], [2, 5, 3], [3, 6, 7], [1, 8, 5], [0, 8, 1], [5, 8, 3], [3, 8, 6]], "pts": [[4.857248047, 7.601, 0.0], [1.9185378419999999, 7.601, 0.0], [-0.0, 1.476, 0.0], [3.387892822, -0.0, 0.0], [0.701875977, 0.473617249, 0.0], [0.9849625240000001, 7.062, 0.0], [6.775785645, 1.476, 0.0], [6.073909668000001, 0.473617249, 0.0], [5.790823242, 7.062, 0.0]], "color": [53, 33, 0], "sides": [1, 1, 1, 1, 1, 1, 1]}, "Rack": {"tris": [[2, 1, 0], [3, 1, 2], [3, 4, 1], [5, 4, 3], [5, 6, 4], [7, 6, 5], [7, 8, 6], [9, 8, 7], [9, 10, 8], [11, 10, 9], [12, 10, 11], [12, 13, 10], [12, 14, 13], [15, 14, 12], [2, 14, 15], [2, 0, 14], [1, 14, 0], [4, 14, 1], [6, 13, 4], [4, 13, 14], [6, 8, 13], [8, 10, 13], [3, 2, 15], [5, 3, 15], [7, 5, 12], [5, 15, 12], [7, 12, 9], [9, 12, 11]], "pts": [[1.9898900149999998, 4.091, 0.025], [1.833890015, 3.304, 0.025], [1.9898900149999998, 4.091, 0.975], [1.833890015, 3.304, 0.975], [2.483889893, 3.189, 0.025], [2.483889893, 3.189, 0.975], [4.291890137, 3.189, 0.025], [4.291890137, 3.189, 0.975], [4.941890137000001, 3.304, 0.025], [4.941890137000001, 3.304, 0.975], [4.785890137, 4.091, 0.025], [4.785890137, 4.091, 0.975], [4.218390137, 3.9905961910000003, 0.975], [4.218390137, 3.9905961910000003, 0.025], [2.557389893, 3.9905961910000003, 0.025], [2.557389893, 3.9905961910000003, 0.975]], "color": [25, 25, 25], "sides": [1, 1, 1, 1, 1, 1, 1, 1, 1, 1, 1, 1, 1, 1, 1, 1, 1, 1, 1, 1, 1, 1, 1, 1, 1, 1, 1, 1]}, "Raised Floor": {"tris": [[2, 1, 0], [3, 1, 2], [3, 4, 1], [5, 4, 3], [5, 6, 4], [7, 6, 5], [9, 8, 6], [7, 9, 6], [11, 10, 9], [9, 10, 8], [2, 0, 10], [11, 2, 10], [1, 10, 0], [1, 4, 10], [4, 8, 10], [4, 6, 8], [3, 2, 11], [3, 11, 5], [5, 11, 9], [5, 9, 7]], "pts": [[1.8688900149999998, 3.281033203, 0.0], [1.385890015, 0.65, 0.0], [1.8688900149999998, 3.281033203, 0.268], [1.385890015, 0.65, 0.268], [5.389890137, 0.65, 0.0], [5.389890137, 0.65, 0.268], [4.906890137, 3.281033203, 0.0], [4.906890137, 3.281033203, 0.268], [4.275890137, 3.157388672, 0.0], [4.275890137, 3.157388672, 0.268], [2.501889893, 3.157388672, 0.0], [2.501889893, 3.157388672, 0.268]], "color": [25, 25, 25], "sides": [1, 1, 1, 1, 1, 1, 1, 1, 1, 1, 1, 1, 1, 1, 1, 1, 1, 1, 1, 1]}, "Walls Back": {"tris": [[3, 5, 6], [4, 3, 6], [4, 6, 7], [1, 4, 7], [2, 1, 7], [2, 7, 8], [0, 2, 8], [0, 8, 9]], "pts": [[-0.0, 1.476, 0.0], [3.387889893, 0.0, 0.0], [0.701876343, 0.473616669, 0.0], [6.775779785, 1.476, 0.0], [6.073903809, 0.473616669, 0.0], [6.775779785, 1.476, 4.435], [6.073903809, 0.473616669, 4.1090214839999994], [3.387889893, -0.0, 3.955], [0.701876343, 0.473616669, 4.1090214839999994], [-0.0, 1.476, 4.435]], "color": [100, 100, 100], "sides": [1, 1, 1, 1, 1, 1, 1, 1]}, "Walls Front": {"tris": [[0, 1, 2], [0, 2, 3], [5, 0, 3], [5, 3, 6], [2, 7, 6], [2, 6, 3], [4, 7, 2], [1, 4, 2]],