{"mats_hash": {"Ceiling": {"tris": [[3, 5, 4], [6, 5, 3], [1, 3, 2], [8, 7, 6], [0, 6, 3], [0, 3, 1], [0, 8, 6]], "pts": [[5.235945801, 7.123926758, 3.5], [7.014450684000001, 2.237524902, 3.5], [6.444097656, 1.014399231, 3.5], [3.79173999, 0.04902, 3.5], [0.969159973, 0.04902, 3.5], [0.014869901999999999, 1.00331012, 3.5], [0.014869901999999999, 6.2033100590000005, 3.5], [1.403930176, 7.368870117, 3.5], [3.532010986, 7.744107909999999, 3.5]], "color": [2, 2, 2], "sides": [1, 1, 1, 1, 1, 1, 1]}, "Floor": {"tris": [[5, 3, 4], [5, 6, 3], [3, 0, 2], [7, 8, 6], [6, 1, 3], [3, 1, 0], [8, 1, 6]], "pts": [[7.014450684000001, 2.237524902, 0.0], [5.235945801, 7.123926758, 0.0], [6.444097656, 1.014399231, 0.0], [3.79173999, 0.04902, 0.0], [0.969159973, 0.04902, 0.0], [0.014869901999999999, 1.00331012, 0.0], [0.014869901999999999, 6.2033100590000005, 0.0], [1.403930176, 7.368870117, 0.0], [3.532010986, 7.744107909999999, 0.0]], "color": [2, 2, 2], "sides": [1, 1, 1, 1, 1, 1, 1]}, "Walls": {"tris": [[0, 1, 2], [0, 2, 3], [4, 0, 3], [4, 3, 5], [4, 5, 6], [7, 4, 6], [8, 7, 6], [8, 6, 9], [8, 9, 10], [11, 8, 10], [12, 11, 10], [13, 11, 12], [14, 13, 12], [14, 12, 15], [14, 15, 16], [17, 14, 16], [1, 17, 16], [1, 16, 2]], "pts": [[7.014450684000001, 2.237524902, 0.0], [5.235945801, 7.123926758, 0.0], [5.235945801, 7.123926758, 3.5], [7.014450684000001, 2.237524902, 3.5], [6.444097656, 1.014399231, 0.0], [6.444097656, 1.014399231, 3.5], [3.79173999, 0.04902, 3.5], [3.79173999, 0.04902, 0.0], [0.969159973, 0.04902, 0.0], [0.969159973, 0.04902, 3.5], [0.014869901999999999, 1.00331012, 3.5], [0.014869901999999999, 1.00331012, 0.0], [0.014869901999999999, 6.2033100590000005, 3.5], [0.014869901999999999, 6.2033100590000005, 0.0], [1.403930176, 7.368870117, 0.0], [1.403930176, 7.368870117, 3.5], [3.532010986, 7.744107909999999, 3.5], [3.532010986, 7.744107909999999, 0.0]], "color": [255, 255, 255], "sides": [1, 1, 1, 1, 1, 1, 1, 1, 1, 1, 1, 1, 1, 1, 1, 1, 1, 1]}}, "sources": [{"name": "S1", "xyz": [0.85, 6.7, 1.4]}], "receivers": [{"name": "R1", "xyz": [2.9, 5.5, 1.2]}, {"name": "R2", "xyz": [3.8, 1.0, 1.2]}]}
