{"mats_hash": {"Walls": {"tris": [[0, 1, 2], [0, 2, 3], [6, 5, 4], [7, 6, 4], [0, 3, 4], [7, 4, 3], [5, 2, 1], [2, 5, 6]], "pts": [[0.0, 0.0, 0.0], [3.65, 0.0, 0.0], [3.65, 0.0, 3.12], [0.0, 0.0, 3.12], [0.0, 6.0, 0.0], [3.65, 6.0, 0.0], [3.65, 6.0, 3.12], [0.0, 6.0, 3.12]], "color": [255, 255, 255], "sides": [1, 1, 1, 1, 1, 1, 1, 1]}, "Ceiling": {"tris": [[2, 1, 0], [2, 3, 1]], "pts": [[0, 0, 3.12], [0, 6.0, 3.12], [3.65, 0, 3.12], [3.65, 6.0, 3.12]], "color": [200, 200, 200], "sides": [1, 1]}, "Floor": {"tris": [[0, 1, 2], [1, 3, 2]], "pts": [[0, 0, 0], [0, 6.0, 0], [3.65, 0, 0], [3.65, 6.0, 0]], "color": [151, 134, 122], "sides": [1, 1]}, "Panel": {"tris": [[0, 1, 2], [0, 2, 3], [6, 5, 4], [7, 6, 4], [0, 3, 4], [7, 4, 3], [5, 2, 1], [2, 5, 6], [0, 5, 1], [0, 4, 5], [2, 6, 3], [6, 7, 3], [8, 9, 10], [8, 10, 11], [14, 13, 12], [15, 14, 12], [8, 11, 12], [15, 12, 11], [13, 10, 9], [10, 13, 14], [8, 13, 9], [8, 12, 13], [10, 14, 11], [14, 15, 11], [16, 17, 18], [16, 18, 19], [22, 21, 20], [23, 22, 20], [16, 19, 20], [23, 20, 19], [21, 18, 17], [18, 21, 22], [16, 21, 17], [16, 20, 21], [18, 22, 19], [22, 23, 19], [24, 25, 26], [24, 26, 27], [30, 29, 28], [31, 30, 28], [24, 27, 28], [31, 28, 27], [29, 26, 25], [26, 29, 30], [24, 29, 25], [24, 28, 29], [26, 30, 27], [30, 31, 27], [32, 33, 34], [32, 34, 35], [38, 37, 36], [39, 38, 36], [32, 35, 36], [39, 36, 35], [37, 34, 33], [34, 37, 38], [32, 37, 33], [32, 36, 37], [34, 38, 35], [38, 39, 35], [40, 41, 42], [40, 42, 43], [46, 45, 44], [47, 46, 44], [40, 43, 44], [47, 44, 43], [45, 42, 41], [42, 45, 46], [40, 45, 41], [40, 44, 45], [42, 46, 43], [46, 47, 43]], "pts": [[0.575, 5.7, 0.75], [3.075, 5.7, 0.75], [3.075, 5.7, 2.25], [0.575, 5.7, 2.25], [0.575, 5.8, 0.75], [3.075, 5.8, 0.75], [3.075, 5.8, 2.25], [0.575, 5.8, 2.25], [0.2, 3.0, 0.75], [0.30000000000000004, 3.0, 0.75], [0.30000000000000004, 3.0, 2.25], [0.2, 3.0, 2.25], [0.2, 5.5, 0.75], [0.30000000000000004, 5.5, 0.75], [0.30000000000000004, 5.5, 2.25], [0.2, 5.5, 2.25], [3.3499999999999996, 3.0, 0.75], [3.4499999999999997, 3.0, 0.75], [3.4499999999999997, 3.0, 2.25], [3.3499999999999996, 3.0, 2.25], [3.3499999999999996, 5.5, 0.75], [3.4499999999999997, 5.5, 0.75], [3.4499999999999997, 5.5, 2.25], [3.3499999999999996, 5.5, 2.25], [0.575, 3.5, 2.72], [3.075, 3.5, 2.72], [3.075, 3.5, 2.8200000000000003], [0.575, 3.5, 2.8200000000000003], [0.575, 5.5, 2.72], [3.075, 5.5, 2.72], [3.075, 5.5, 2.8200000000000003], [0.575, 5.5, 2.8200000000000003], [0.575, 1.4, 2.72], [3.075, 1.4, 2.72], [3.075, 1.4, 2.8200000000000003], [0.575, 1.4, 2.8200000000000003], [0.575, 3.4, 2.72], [3.075, 3.4, 2.72], [3.075, 3.4, 2.8200000000000003], [0.575, 3.4, 2.8200000000000003], [0.575, 0.3, 0.75], [3.075, 0.3, 0.75], [3.075, 0.3, 2.25], [0.575, 0.3, 2.25], [0.575, 0.4, 0.75], [3.075, 0.4, 0.75], [3.075, 0.4, 2.25], [0.575, 0.4, 2.25]], "color": [111, 55, 10], "sides": [2, 2, 2, 2, 2, 2, 2, 2, 2, 2, 2, 2, 2, 2, 2, 2, 2, 2, 2, 2, 2, 2, 2, 2, 2, 2, 2, 2, 2, 2, 2, 2, 2, 2, 2, 2, 2, 2, 2, 2, 2, 2, 2, 2, 2, 2, 2, 2, 2, 2, 2, 2, 2, 2, 2, 2, 2, 2, 2, 2, 2, 2, 2, 2, 2, 2, 2, 2, 2, 2, 2, 2]}, "Sofa": {"tris": [[0, 1, 2], [0, 2, 3], [6, 5, 4], [7, 6, 4], [0, 3, 4], [7, 4, 3], [5, 2, 1], [2, 5, 6], [0, 5, 1], [0, 4, 5], [2, 6, 3], [6, 7, 3]], "pts": [[0.565, 0.1, 0.05], [3.085, 0.1, 0.05], [3.085, 0.1, 0.53], [0.565, 0.1, 0.53], [0.565, 1.08, 0.05], [3.085, 1.08, 0.05], [3.085, 1.08, 0.53], [0.565, 1.08, 0.53]], "color": [25, 25, 25], "sides": [2, 2, 2, 2, 2, 2, 2, 2, 2, 2, 2, 2]}, "Table": {"tris": [[0, 1, 2], [0, 2, 3], [6, 5, 4], [7, 6, 4], [0, 3, 4], [7, 4, 3], [5, 2, 1], [2, 5, 6], [0, 5, 1], [0, 4, 5], [2, 6, 3], [6, 7, 3]], "pts": [[0.9249999999999999, 3.884455543377232, 0.7], [2.725, 3.884455543377232, 0.7], [2.725, 3.884455543377232, 0.72], [0.9249999999999999, 3.884455543377232, 0.72], [0.9249999999999999, 4.684455543377232, 0.7], [2.725, 4.684455543377232, 0.7], [2.725, 4.684455543377232, 0.72], [0.9249999999999999, 4.684455543377232, 0.72]], "color": [130, 75, 25], "sides": [2, 2, 2, 2, 2, 2, 2, 2, 2, 2, 2, 2]}}, "sources": [{"name": "Speaker Left", "xyz": [0.95, 5.0, 1.2]}, {"name": "Speaker Right", "xyz": [2.7, 5.0, 1.2]}], "receivers": [{"name": "Engineer", "xyz": [1.8250000000000002, 3.484455543377232, 1.2]}, {"name": "Producer Sitting", "xyz": [1.8250000000000002, 1.0, 0.9]}, {"name": "Producer Standing", "xyz": [1.8250000000000002, 1.0, 1.2]}]}
