{"mats_hash": {"Walls": {"tris": [[0, 1, 2], [0, 2, 3], [6, 5, 4], [7, 6, 4], [0, 3, 4], [7, 4, 3], [5, 2, 1], [2, 5, 6]], "pts": [[0.0, 0.0, 0.0], [4.671, 0.0, 0.0], [4.671, 0.0, 3.33], [0.0, 0.0, 3.33], [0.0, 6.3, 0.0], [4.671, 6.3, 0.0], [4.671, 6.3, 3.33], [0.0, 6.3, 3.33]], "color": [255, 255, 255], "sides": [1, 1, 1, 1, 1, 1, 1, 1]}, "Ceiling": {"tris": [[2, 1, 0], [2, 3, 1]], "pts": [[0, 0, 3.33], [0, 6.3, 3.33], [4.671, 0, 3.33], [4.671, 6.3, 3.33]], "color": [200, 200, 200], "sides": [1, 1]}, "Floor": {"tris": [[0, 1, 2], [1, 3, 2]], "pts": [[0, 0, 0], [0, 6.3, 0], [4.671, 0, 0], [4.671, 6.3, 0]], "color": [151, 134, 122], "sides": [1, 1]}, "Absorber M": {"tris": [[0, 1, 2], [0, 2, 3], [6, 5, 4], [7, 6, 4], [0, 3, 4], [7, 4, 3], [5, 2, 1], [2, 5, 6], [0, 5, 1], [0, 4, 5], [2, 6, 3], [6, 7, 3], [8, 9, 10], [8, 10, 11], [14, 13, 12], [15, 14, 12], [8, 11, 12], [15, 12, 11], [13, 10, 9], [10, 13, 14], [8, 13, 9], [8, 12, 13], [10, 14, 11], [14, 15, 11]], "pts": [[0.2, 3.05, 0.75], [0.30000000000000004, 3.05, 0.75], [0.30000000000000004, 3.05, 2.25], [0.2, 3.05, 2.25], [0.2, 5.55, 0.75], [0.30000000000000004, 5.55, 0.75], [0.30000000000000004, 5.55, 2.25], [0.2, 5.55, 2.25], [4.371, 3.05, 0.75], [4.471, 3.05, 0.75], [4.471, 3.05, 2.25], [4.371, 3.05, 2.25], [4.371, 5.55, 0.75], [4.471, 5.55, 0.75], [4.471, 5.55, 2.25], [4.371, 5.55, 2.25]], "color": [111, 55, 10], "sides": [2, 2, 2, 2, 2, 2, 2, 2, 2, 2, 2, 2, 2, 2, 2, 2, 2, 2, 2, 2, 2, 2, 2, 2]}, "Absorber L": {"tris": [[0, 1, 2], [0, 2, 3], [6, 5, 4], [7, 6, 4], [0, 3, 4], [7, 4, 3], [5, 2, 1], [2, 5, 6], [0, 5, 1], [0, 4, 5], [2, 6, 3], [6, 7, 3], [8, 9, 10], [8, 10, 11], [14, 13, 12], [15, 14, 12], [8, 11, 12], [15, 12, 11], [13, 10, 9], [10, 13, 14], [8, 13, 9], [8, 12, 13], [10, 14, 11], [14, 15, 11], [16, 17, 18], [16, 18, 19], [22, 21, 20], [23, 22, 20], [16, 19, 20], [23, 20, 19], [21, 18, 17], [18, 21, 22], [16, 21, 17], [16, 20, 21], [18, 22, 19], [22, 23, 19], [24, 25, 26], [24, 26, 27], [30, 29, 28], [31, 30, 28], [24, 27, 28], [31, 28, 27], [29, 26, 25], [26, 29, 30], [24, 29, 25], [24, 28, 29], [26, 30, 27], [30, 31, 27], [32, 33, 34], [32, 34, 35], [38, 37, 36], [39, 38, 36], [32, 35, 36], [39, 36, 35], [37, 34, 33], [34, 37, 38], [32, 37, 33], [32, 36, 37], [34, 38, 35], [38, 39, 35], [40, 41, 42], [40, 42, 43], [46, 45, 44], [47, 46, 44], [40, 43, 44], [47, 44, 43], [45, 42, 41], [42, 45, 46], [40, 45, 41], [40, 44, 45], [42, 46, 43], [46, 47, 43]], "pts": [[0.7355, 6.0, 0.25], [1.7355, 6.0, 0.25], [1.7355, 6.0, 2.75], [0.7355, 6.0, 2.75], [0.7355, 6.2, 0.25], [1.7355, 6.2, 0.25], [1.7355, 6.2, 2.75], [0.7355, 6.2, 2.75], [2.9355, 6.0, 0.25], [3.9355, 6.0, 0.25], [3.9355, 6.0, 2.75], [2.9355, 6.0, 2.75], [2.9355, 6.2, 0.25], [3.9355, 6.2, 0.25], [3.9355, 6.2, 2.75], [2.9355, 6.2, 2.75], [1.0855000000000001, 3.8, 3.0300000000000002], [3.5855, 3.8, 3.0300000000000002], [3.5855, 3.8, 3.2300000000000004], [1.0855000000000001, 3.8, 3.2300000000000004], [1.0855000000000001, 5.8, 3.0300000000000002], [3.5855, 5.8, 3.0300000000000002], [3.5855, 5.8, 3.2300000000000004], [1.0855000000000001, 5.8, 3.2300000000000004], [1.0855000000000001, 1.2999999999999998, 3.0300000000000002], [3.5855, 1.2999999999999998, 3.0300000000000002], [3.5855, 1.2999999999999998, 3.2300000000000004], [1.0855000000000001, 1.2999999999999998, 3.2300000000000004], [1.0855000000000001, 3.3, 3.0300000000000002], [3.5855, 3.3, 3.0300000000000002], [3.5855, 3.3, 3.2300000000000004], [1.0855000000000001, 3.3, 3.2300000000000004], [0.1, 0.1, 0.25], [1.1, 0.1, 0.25], [1.1, 0.1, 2.75], [0.1, 0.1, 2.75], [0.1, 0.30000000000000004, 0.25], [1.1, 0.30000000000000004, 0.25], [1.1, 0.30000000000000004, 2.75], [0.1, 0.30000000000000004, 2.75], [3.571, 0.1, 0.25], [4.571, 0.1, 0.25], [4.571, 0.1, 2.75], [3.571, 0.1, 2.75], [3.571, 0.30000000000000004, 0.25], [4.571, 0.30000000000000004, 0.25], [4.571, 0.30000000000000004, 2.75], [3.571, 0.30000000000000004, 2.75]], "color": [111, 55, 10], "sides": [2, 2, 2, 2, 2, 2, 2, 2, 2, 2, 2, 2, 2, 2, 2, 2, 2, 2, 2, 2, 2, 2, 2, 2, 2, 2, 2, 2, 2, 2, 2, 2, 2, 2, 2, 2, 2, 2, 2, 2, 2, 2, 2, 2, 2, 2, 2, 2, 2, 2, 2, 2, 2, 2, 2, 2, 2, 2, 2, 2, 2, 2, 2, 2, 2, 2, 2, 2, 2, 2, 2, 2]},