{"mats_hash": {"Walls": {"tris": [[0, 1, 2], [0, 2, 3], [6, 5, 4], [7, 6, 4], [0, 3, 4], [7, 4, 3], [5, 2, 1], [2, 5, 6]], "pts": [[0.0, 0.0, 0.0], [4.671, 0.0, 0.0], [4.671, 0.0, 3.33], [0.0, 0.0, 3.33], [0.0, 6.3, 0.0], [4.671, 6.3, 0.0], [4.671, 6.3, 3.33], [0.0, 6.3, 3.33]], "color": [255, 255, 255], "sides": [1, 1, 1, 1, 1, 1, 1, 1]}, "Ceiling": {"tris": [[2, 1, 0], [2, 3, 1]], "pts": [[0, 0, 3.33], [0, 6.3, 3.33], [4.671, 0, 3.33], [4.671, 6.3, 3.33]], "color": [200, 200, 200], "sides": [1, 1]}, "Floor": {"tris": [[0, 1, 2], [1, 3, 2]], "pts": [[0, 0, 0], [0, 6.3, 0], [4.671, 0, 0], [4.671, 6.3, 0]], "color": [151, 134, 122], "sides": [1, 1]}, "Absorber M": {"tris": [[0, 1, 2], [0, 2, 3], [6, 5, 4], [7, 6, 4], [0, 3, 4], [7, 4, 3], [5, 2, 1], [2, 5, 6], [0, 5, 1], [0, 4, 5], [2, 6, 3], [6, 7, 3], [8, 9, 10], [8, 10, 11], [14, 13, 12], [15, 14, 12], [8, 11, 12], [15, 12, 11], [13, 10, 9], [10, 13, 14], [8, 13, 9], [8, 12, 13], [10, 14, 11], [14, 15, 11]], "pts": [[0.2, 3.3, 0.75], [0.30000000000000004, 3.3, 0.75], [0.30000000000000004, 3.3, 2.25], [0.2, 3.3, 2.25], [0.2, 5.8, 0.75], [0.30000000000000004, 5.8, 0.75], [0.30000000000000004, 5.8, 2.25], [0.2, 5.8, 2.25], [4.371, 3.3, 0.75], [4.471, 3.3, 0.75], [4.471, 3.3, 2.25], [4.371, 3.3, 2.25], [4.371, 5.8, 0.75], [4.471, 5.8, 0.75], [4.471, 5.8, 2.25], [4.371, 5.8, 2.25]], "color": [111, 55, 10], "sides": [2, 2, 2, 2, 2, 2, 2, 2, 2, 2, 2, 2, 2, 2, 2, 2, 2, 2, 2, 2, 2, 2, 2, 2]}, "Absorber L": {"tris": [[0, 1, 2], [0, 2, 3], [6, 5, 4], [7, 6, 4], [0, 3, 4], [7, 4, 3], [5, 2, 1], [2, 5, 6], [0, 5, 1], [0, 4, 5], [2, 6, 3], [6, 7, 3], [8, 9, 10], [8, 10, 11], [14, 13, 12], [15, 14, 12], [8, 11, 12], [15, 12, 11], [13, 10, 9], [10, 13, 14], [8, 13, 9], [8, 12, 13], [10, 14, 11], [14, 15, 11], [16, 17, 18], [16, 18, 19], [22, 21, 20], [23, 22, 20], [16, 19, 20], [23, 20, 19], [21, 18, 17], [18, 21, 22], [16, 21, 17], [16, 20, 21], [18, 22, 19], [22, 23, 19], [24, 25, 26], [24, 26, 27], [30, 29, 28], [31, 30, 28], [24, 27, 28], [31, 28, 27], [29, 26, 25], [26, 29, 30], [24, 29, 25], [24, 28, 29], [26, 30, 27], [30, 31, 27]], "pts": [[1.0855000000000001, 6.0, 0.75], [3.5855, 6.0, 0.75], [3.5855, 6.0, 2.25], [1.0855000000000001, 6.0, 2.25], [1.0855000000000001, 6.2, 0.75], [3.5855, 6.2, 0.75], [3.5855, 6.2, 2.25], [1.0855000000000001, 6.2, 2.25], [1.0855000000000001, 0.1, 0.75], [3.5855, 0.1, 0.75], [3.5855, 0.1, 2.25], [1.0855000000000001, 0.1, 2.25], [1.0855000000000001, 0.30000000000000004, 0.75], [3.5855, 0.30000000000000004, 0.75], [3.5855, 0.30000000000000004, 2.25], [1.0855000000000001, 0.30000000000000004, 2.25], [1.0855000000000001, 3.8, 3.0300000000000002], [3.5855, 3.8, 3.0300000000000002], [3.5855, 3.8, 3.2300000000000004], [1.0855000000000001, 3.8, 3.2300000000000004], [1.0855000000000001, 5.8, 3.0300000000000002], [3.5855, 5.8, 3.0300000000000002], [3.5855, 5.8, 3.2300000000000004], [1.0855000000000001, 5.8, 3.2300000000000004], [1.0855000000000001, 1.6999999999999997, 3.0300000000000002], [3.5855, 1.6999999999999997, 3.0300000000000002], [3.5855, 1.6999999999999997, 3.2300000000000004], [1.0855000000000001, 1.6999999999999997, 3.2300000000000004], [1.0855000000000001, 3.6999999999999997, 3.0300000000000002], [3.5855, 3.6999999999999997, 3.0300000000000002], [3.5855, 3.6999999999999997, 3.2300000000000004], [1.0855000000000001, 3.6999999999999997, 3.2300000000000004]], "color": [111, 55, 10], "sides": [2, 2, 2, 2, 2, 2, 2, 2, 2, 2, 2, 2, 2, 2, 2, 2, 2, 2, 2, 2, 2, 2, 2, 2, 2, 2, 2, 2, 2, 2, 2, 2, 2, 2, 2, 2, 2, 2, 2, 2, 2, 2, 2, 2, 2, 2, 2, 2]}, "Sofa": {"tris": [[0, 1, 2], [0, 2, 3], [6, 5, 4], [7, 6, 4], [0, 3, 4], [7, 4, 3], [5, 2, 1], [2, 5, 6], [0, 5, 1], [0, 4, 5], [2, 6, 3], [6, 7, 3]], "pts": [[1.0755000000000001, 0.4, 0.05], [3.5955000000000004, 0.4, 0.05], [3.5955000000000004, 0.4, 0.53], [1.0755000000000001, 0.4, 0.53], [1.0755000000000001, 1.38, 0.05], [3.5955000000000004, 1.38, 0.05], [3.5955000000000004, 1.38, 0.53], [1.0755000000000001, 1.38, 0.53]], "color": [25, 25, 25], "sides": [2, 2, 2, 2, 2, 2, 2, 2, 2, 2, 2, 2]}, "Table": {"tris": [[0, 1, 2], [0, 2, 3], [6, 5, 4], [7, 6, 4], [0, 3, 4], [7, 4, 3], [5, 2, 1], [2, 5, 6], [0, 5, 1], [0, 4, 5], [2, 6, 3], [6, 7, 3]], "pts": [[1.4355000000000002, 4.184455543377233, 0.7], [3.2355, 4.184455543377233, 0.7], [3.2355, 4.184455543377233, 0.72], [1.4355000000000002, 4.184455543377233, 0.72], [1.4355000000000002, 4.984455543377233, 0.7], [3.2355, 4.984455543377233, 0.7], [3.2355, 4.984455543377233, 0.72], [1.4355000000000002, 4.984455543377233, 0.72]], "color": [130, 75, 25], "sides": [2, 2, 2, 2, 2, 2, 2, 2, 2, 2, 2, 2]}}, "sources": [{"name": "Speaker Left", "xyz": [1.4605000000000001, 5.3, 1.2]}, {"name": "Speaker Right", "xyz": [3.2105, 5.3, 1.2]}], "receivers": [{"name": "Engineer", "xyz": [2.3355, 3.7844555433772324, 1.2]}, {"name": "Producer Sitting", "xyz": [2.3355, 0.8, 0.9]}, {"name": "Producer Standing", "xyz": [2.3355, 0.8, 1.2]}]}
