{"mats_hash": {"Walls": {"tris": [[0, 1, 2], [0, 2, 3], [6, 5, 4], [7, 6, 4], [0, 3, 4], [7, 4, 3], [5, 2, 1], [2, 5, 6]], "pts": [[0.0, 0.0, 0.0], [3.65, 0.0, 0.0], [3.65, 0.0, 3.12], [0.0, 0.0, 3.12], [0.0, 6.0, 0.0], [3.65, 6.0, 0.0], [3.65, 6.0, 3.12], [0.0, 6.0, 3.12]], "color": [204, 255, 255], "sides": [1, 1, 1, 1, 1, 1, 1, 1]}, "Floor": {"tris": [[0, 1, 2], [1, 3, 2]], "pts": [[0, 0, 0], [0, 6.0, 0], [3.65, 0, 0], [3.65, 6.0, 0]], "color": [151, 134, 122], "sides": [1, 1]}, "Ceiling": {"tris": [[2, 1, 0], [2, 3, 1]], "pts": [[0, 0, 3.12], [0, 6.0, 3.12], [3.65, 0, 3.12], [3.65, 6.0, 3.12]], "color": [204, 204, 204], "sides": [1, 1]}, "Panel_1": {"tris": [[0, 1, 2], [0, 2, 3], [6, 5, 4], [7, 6, 4], [0, 3, 4], [7, 4, 3], [5, 2, 1], [2, 5, 6], [0, 5, 1], [0, 4, 5], [2, 6, 3], [6, 7, 3]], "pts": [[0.575, 5.7, 0.75], [3.075, 5.7, 0.75], [3.075, 5.7, 2.25], [0.575, 5.7, 2.25], [0.575, 5.8, 0.75], [3.075, 5.8, 0.75], [3.075, 5.8, 2.25], [0.575, 5.8, 2.25]], "color": [111, 55, 10], "sides": [2, 2, 2, 2, 2, 2, 2, 2, 2, 2, 2, 2]}, "Panel_2": {"tris": [[0, 1, 2], [0, 2, 3], [6, 5, 4], [7, 6, 4], [0, 3, 4], [7, 4, 3], [5, 2, 1], [2, 5, 6], [0, 5, 1], [0, 4, 5], [2, 6, 3], [6, 7, 3]], "pts": [[0.2, 3.0, 0.75], [0.30000000000000004, 3.0, 0.75], [0.30000000000000004, 3.0, 2.25], [0.2, 3.0, 2.25], [0.2, 5.5, 0.75], [0.30000000000000004, 5.5, 0.75], [0.30000000000000004, 5.5, 2.25], [0.2, 5.5, 2.25]], "color": [111, 55, 10], "sides": [2, 2, 2, 2, 2, 2, 2, 2, 2, 2, 2, 2]}, "Panel_3": {"tris": [[0, 1, 2], [0, 2, 3], [6, 5, 4], [7, 6, 4], [0, 3, 4], [7, 4, 3], [5, 2, 1], [2, 5, 6], [0, 5, 1], [0, 4, 5], [2, 6, 3], [6, 7, 3]], "pts": [[3.3499999999999996, 3.0, 0.75], [3.4499999999999997, 3.0, 0.75], [3.4499999999999997, 3.0, 2.25], [3.3499999999999996, 3.0, 2.25], [3.3499999999999996, 5.5, 0.75], [3.4499999999999997, 5.5, 0.75], [3.4499999999999997, 5.5, 2.25], [3.3499999999999996, 5.5, 2.25]], "color": [111, 55, 10], "sides": [2, 2, 2, 2, 2, 2, 2, 2, 2, 2, 2, 2]}, "Panel_4": {"tris": [[0, 1, 2], [0, 2, 3], [6, 5, 4], [7, 6, 4], [0, 3, 4], [7, 4, 3], [5, 2, 1], [2, 5, 6], [0, 5, 1], [0, 4, 5], [2, 6, 3], [6, 7, 3]], "pts": [[0.575, 3.5, 2.72], [3.075, 3.5, 2.72], [3.075, 3.5, 2.8200000000000003], [0.575, 3.5, 2.8200000000000003], [0.575, 5.5, 2.72], [3.075, 5.5, 2.72], [3.075, 5.5, 2.8200000000000003], [0.575, 5.5, 2.8200000000000003]], "color": [111, 55, 10], "sides": [2, 2, 2, 2, 2, 2, 2, 2, 2, 2, 2, 2]}, "Panel_5": {"tris": [[0, 1, 2], [0, 2, 3], [6, 5, 4], [7, 6, 4], [0, 3, 4], [7, 4, 3], [5, 2, 1], [2, 5, 6], [0, 5, 1], [0, 4, 5], [2, 6, 3], [6, 7, 3]], "pts": [[0.575, 1.4, 2.72], [3.075, 1.4, 2.72], [3.075, 1.4, 2.8200000000000003], [0.575, 1.4, 2.8200000000000003], [0.575, 3.4, 2.72], [3.075, 3.4, 2.72], [3.075, 3.4, 2.8200000000000003], [0.575, 3.4, 2.8200000000000003]], "color": [111, 55, 10], "sides": [2, 2, 2, 2, 2, 2, 2, 2, 2, 2, 2, 2]}, "Panel_6": {"tris": [[0, 1, 2], [0, 2, 3], [6, 5, 4], [7, 6, 4], [0, 3, 4], [7, 4, 3], [5, 2, 1], [2, 5, 6], [0, 5, 1], [0, 4, 5], [2, 6, 3], [6, 7, 3]], "pts": [[0.575, 0.3, 0.75], [3.075, 0.3, 0.75], [3.075, 0.3, 2.25], [0.575, 0.3, 2.25], [0.575, 0.4, 0.75], [3.075, 0.4, 0.75], [3.075, 0.4, 2.25], [0.575, 0.4, 2.25]], "color": [111, 55, 10], "sides": [2, 2, 2, 2, 2, 2, 2, 2, 2, 2, 2, 2]}, "Sofa": {"tris": [[0, 1, 2], [0, 2, 3], [6, 5, 4], [7, 6, 4], [0, 3, 4], [7, 4, 3], [5, 2, 1], [2, 5, 6], [0, 5, 1], [0, 4, 5], [2, 6, 3], [6, 7, 3]], "pts": [[0.95, 0.1, 0.1], [2.7, 0.1, 0.1], [2.7, 0.1, 0.6], [0.95, 0.1, 0.6], [0.95, 1.1, 0.1], [2.7, 1.1, 0.1], [2.7, 1.1, 0.6], [0.95, 1.1, 0.6]], "color": [25, 25, 25], "sides": [2, 2, 2, 2, 2, 2, 2, 2, 2, 2, 2, 2]}}, "sources": [{"xyz": [0.825, 5.25, 1.2], "name": "Speaker Left"}, {"xyz": [2.825, 5.25, 1.2], "name": "Speaker Right"}], "receivers": [{"xyz": [1.825, 3.25, 1.2], "name": "Engineer"}, {"xyz": [1.2166666666666666, 0.8, 0.9], "name": "Producer Low"}, {"xyz": [2.433333333333333, 0.8, 0.9], "name": "Producer High"}]}
