{"mats_hash": {"Walls": {"tris": [[0, 1, 2], [0, 2, 3], [6, 5, 4], [7, 6, 4], [0, 3, 4], [7, 4, 3], [5, 2, 1], [2, 5, 6]], "pts": [[0.0, 0.0, 0.0], [2.076, 0.0, 0.0], [2.076, 0.0, 1.4800000000000002], [0.0, 0.0, 1.4800000000000002], [0.0, 2.8000000000000003, 0.0], [2.076, 2.8000000000000003, 0.0], [2.076, 2.8000000000000003, 1.4800000000000002], [0.0, 2.8000000000000003, 1.4800000000000002]], "color": [255, 255, 255], "sides": [1, 1, 1, 1, 1, 1, 1, 1]}, "Ceiling": {"tris": [[2, 1, 0], [2, 3, 1]], "pts": [[0, 0, 1.4800000000000002], [0, 2.8000000000000003, 1.4800000000000002], [2.076, 0, 1.4800000000000002], [2.076, 2.8000000000000003, 1.4800000000000002]], "color": [200, 200, 200], "sides": [1, 1]}, "Floor": {"tris": [[0, 1, 2], [1, 3, 2]], "pts": [[0, 0, 0], [0, 2.8000000000000003, 0], [2.076, 0, 0], [2.076, 2.8000000000000003, 0]], "color": [151, 134, 122], "sides": [1, 1]}}, "sources": [{"name": "S1", "xyz": [0.08166666666666667, 0.08166666666666667, 0.08166666666666667]}], "receivers": [{"name": "R1", "xyz": [1.9943333333333335, 2.7183333333333337, 1.3983333333333334]}]}
